{
  "accuracy": [
    0.24166665971279144,
    0.4000000059604645,
    0.46666666865348816,
    0.5,
    0.574999988079071,
    0.675000011920929,
    0.7583333253860474,
    0.6833333373069763,
    0.75,
    0.8166666626930237,
    0.8666666746139526,
    0.8166666626930237,
    0.8833333253860474,
    0.8999999761581421,
    0.875,
    0.8833333253860474,
    0.8833333253860474,
    0.925000011920929,
    0.9166666865348816,
    0.8999999761581421
  ],
  "val_accuracy": [
    0.30000001192092896,
    0.6333333253860474,
    0.699999988079071,
    0.699999988079071,
    0.699999988079071,
    0.800000011920929,
    0.9666666388511658,
    1.0,
    1.0,
    1.0,
    1.0,
    1.0,
    1.0,
    1.0,
    1.0,
    1.0,
    1.0,
    1.0,
    1.0,
    1.0
  ],
  "loss": [
    1.8775237798690796,
    1.5171489715576172,
    1.3615540266036987,
    1.1591415405273438,
    1.1332738399505615,
    0.865946352481842,
    0.7708399891853333,
    0.7893370389938354,
    0.6470947861671448,
    0.5525513291358948,
    0.5254074931144714,
    0.49655964970588684,
    0.43881696462631226,
    0.42317554354667664,
    0.4448176324367523,
    0.4205957353115082,
    0.416887491941452,
    0.353791207075119,
    0.3144237697124481,
    0.3179536461830139
  ],
  "val_loss": [
    1.5716334581375122,
    1.3054267168045044,
    1.0899593830108643,
    0.934597909450531,
    0.810332715511322,
    0.7148342728614807,
    0.640586256980896,
    0.5812883973121643,
    0.525498628616333,
    0.4800318479537964,
    0.44647884368896484,
    0.41617175936698914,
    0.3861367404460907,
    0.35844746232032776,
    0.3271695673465729,
    0.29946988821029663,
    0.27342814207077026,
    0.24977515637874603,
    0.22638657689094543,
    0.20386458933353424
  ],
  "epochs_completed": 20,
  "best_val_accuracy": 1.0,
  "trained_at": "2026-02-13T23:27:00.500628",
  "config": {
    "dataset_dir": "dataset",
    "model_save_path": "model/ui_bug_classifier.keras",
    "img_size": 128,
    "batch_size": 32,
    "epochs": 20,
    "validation_split": 0.2,
    "learning_rate": 0.0001
  },
  "architecture": "MobileNetV2 + GlobalAvgPool + Dense(128) + Softmax(5)"
}